
[
    {
        "name":"BW_LOGGER_OVERRIDES",
        "description":"Override the default values for different logger properties",
        "type":"string",
        "value":"ROOT=WARN"
    },
    {
        "name":"BW_ENGINE_THREADCOUNT",
        "description":"Override the default value for bw.engine.threadcount property",
        "type":"integer",
        "value":"8"
    },
    {
        "name":"BW_ENGINE_STEPCOUNT",
        "description":"Override the default value for bw.engine.stepcount property",
        "type":"integer",
        "value":"-1"
    },
    {
        "name":"BW_INSTRUMENTATION_ENABLED",
        "description":"Override the default value for bw.frwk.event.subscriber.instrumentation.enabled property",
        "type":"boolean",
        "value":"true"
    },
    {
        "name":"CUSTOM_ENGINE_PROPERTY",
        "description":"Set different java properties",
        "type":"string",
        "value":"na"
    },
    {
        "name":"BW_APP_CPU_ALERT_THRESHOLD",
        "description":"The threshold of CPU %usage by the App to issue alert warning log",
        "type":"number",
        "value":"70"
    },
    {
        "name":"BW_APP_MEM_ALERT_THRESHOLD",
        "description":"The threshold of memory %usage by the App to issue alert warning log",
        "type":"number",
        "value":"70"
    }
]